MMS ID,Normalized Call Number,Library Name,Location Name,Permanent Call Number,Title,Description,Base status,Barcode,Scanned Barcode,Notes/Comments
995947040101921,"0ds""133 b3",,Stacks,DS133 .B3,Ba-tefutsot.,,,0888800000687,39097014617774,
995947100101921,"0d""810 j4 k394",,Stacks,D810.J4 K394,"á¸²eshev / mi-á¹­aÊ»am ha-Makhon le-á¸¥eá¸³er ha-shoÊ¾ah, Universiá¹­at Bar-Ilan.",,,0888800000737,39097014615737,
995947200101921,0bm 1 y25,,Stacks,BM1 .Y25,Yahadut humanisá¹­it á¸¥ilonit / biá¹­Ê¾on ha-Agudah ha-YiÅ›reÊ¾elit le-maÊ»an Yahadut humanisá¹­it á¸¥ilonit.,,,0888800000752,39097014185624,
995947250101921,"0ds""111 a1 a7",,Stacks,DS111.A1 A7,ArkheÊ¼ologyah : bitÌ£Ê¼on Agudat ha-arkheÊ¼ologim be-YisÌraÊ¼el.,,,0888800000794,39097014610894,
995947360101921,"0bm""538 s3 t67",,Stacks,BM538.S3 T67,Torah u-mada.,,,0888800000869,39097014616651,
995999460101921,0hd#6305 j3 b27,,Stacks,HD6305.J3 .B27,Ba-derekh: ketavim le-á¸¥eá¸³er tenuÊ»at ha-poÊ»alim ha-yehudit.,v.1-6,,0888800005009,39097008010176,
995999470101921,0hd#6305 j3 m35 + 0,,Stacks,#ERROR!,MeÊ¾asef.,v.1-2,,0888800005025,39097014377031,
995999470101921,0hd#6305 j3 m35 + 0,,Stacks,#ERROR!,MeÊ¾asef.,v.3-4,,0888800005033,39097014377023,
995999470101921,0hd#6305 j3 m35 + 0,,Stacks,#ERROR!,MeÊ¾asef.,v.5-7,,0888800005041,39097014377015,
995999470101921,0hd#6305 j3 m35 + 0,,Stacks,#ERROR!,MeÊ¾asef.,v.8-10,,0888800005058,39097014377007,
995999470101921,0hd#6305 j3 m35 + 0,,Stacks,#ERROR!,MeÊ¾asef.,v.11-13,,0888800005066,39097014376991,
995999470101921,0hd#6305 j3 m35 + 0,,Stacks,#ERROR!,MeÊ¾asef.,Index: v.1-12,,0888800005074,39097014611587,
995999480101921,0hd#6305 j3 y32,,Stacks,HD6305.J3 Y32,"YaÊ»ad : meÊ¾asef le-á¸¥eá¸³er tenuÊ»at ha-Ê»avodah ha-tsiyonit á¹¿eha-SotsiÊ¾alizm / ha-maÊ»arekhet, Daá¹¿id Zayiá¹­, Elá¸³anah Margalit, Eli Tsur.",no.1-3(1989),,0888800005082,39097014617691,
995999480101921,0hd#6305 j3 y32,,Stacks,HD6305.J3 Y32,"YaÊ»ad : meÊ¾asef le-á¸¥eá¸³er tenuÊ»at ha-Ê»avodah ha-tsiyonit á¹¿eha-SotsiÊ¾alizm / ha-maÊ»arekhet, Daá¹¿id Zayiá¹­, Elá¸³anah Margalit, Eli Tsur.",no.4-8(1990-1991),,0888800005090,39097014617683,
995999480101921,0hd#6305 j3 y32,,Stacks,HD6305.J3 Y32,"YaÊ»ad : meÊ¾asef le-á¸¥eá¸³er tenuÊ»at ha-Ê»avodah ha-tsiyonit á¹¿eha-SotsiÊ¾alizm / ha-maÊ»arekhet, Daá¹¿id Zayiá¹­, Elá¸³anah Margalit, Eli Tsur.",no.9-11(1992),,0888800005108,39097014617675,
995999610101921,"0hx""765 p3 b2 + 0",,Stacks,#ERROR!,Ba-á¸³ibuts : shevuÊ»on ha-á¸²ibuts ha-meÊ¾uá¸¥ad.,v.15,,0888800005595,39097014378575,
995999610101921,"0hx""765 p3 b2 + 0",,Stacks,#ERROR!,Ba-á¸³ibuts : shevuÊ»on ha-á¸²ibuts ha-meÊ¾uá¸¥ad.,v.16,,0888800005603,39097014378161,
995999610101921,"0hx""765 p3 b2 + 0",,Stacks,#ERROR!,Ba-á¸³ibuts : shevuÊ»on ha-á¸²ibuts ha-meÊ¾uá¸¥ad.,v.17,,0888800005611,39097014378179,
995999610101921,"0hx""765 p3 b2 + 0",,Stacks,#ERROR!,Ba-á¸³ibuts : shevuÊ»on ha-á¸²ibuts ha-meÊ¾uá¸¥ad.,v.18,,0888800005629,39097014378187,
995999610101921,"0hx""765 p3 b2 + 0",,Stacks,#ERROR!,Ba-á¸³ibuts : shevuÊ»on ha-á¸²ibuts ha-meÊ¾uá¸¥ad.,v.19,,0888800005637,39097014378195,
995999610101921,"0hx""765 p3 b2 + 0",,Stacks,#ERROR!,Ba-á¸³ibuts : shevuÊ»on ha-á¸²ibuts ha-meÊ¾uá¸¥ad.,v.20,,0888800005645,39097014378203,
995999610101921,"0hx""765 p3 b2 + 0",,Stacks,#ERROR!,Ba-á¸³ibuts : shevuÊ»on ha-á¸²ibuts ha-meÊ¾uá¸¥ad.,v.21,,0888800005652,39097014378211,
995999610101921,"0hx""765 p3 b2 + 0",,Stacks,#ERROR!,Ba-á¸³ibuts : shevuÊ»on ha-á¸²ibuts ha-meÊ¾uá¸¥ad.,v.22,,0888800005660,39097014378229,
995999610101921,"0hx""765 p3 b2 + 0",,Stacks,#ERROR!,Ba-á¸³ibuts : shevuÊ»on ha-á¸²ibuts ha-meÊ¾uá¸¥ad.,v.23,,0888800005678,39097014378237,
995999610101921,"0hx""765 p3 b2 + 0",,Stacks,#ERROR!,Ba-á¸³ibuts : shevuÊ»on ha-á¸²ibuts ha-meÊ¾uá¸¥ad.,v.24,,0888800005686,39097014378245,
995999610101921,"0hx""765 p3 b2 + 0",,Stacks,#ERROR!,Ba-á¸³ibuts : shevuÊ»on ha-á¸²ibuts ha-meÊ¾uá¸¥ad.,v.25,,0888800005694,39097014378369,
995999610101921,"0hx""765 p3 b2 + 0",,Stacks,#ERROR!,Ba-á¸³ibuts : shevuÊ»on ha-á¸²ibuts ha-meÊ¾uá¸¥ad.,v.27-28,,0888800005702,39097014378351,
995999610101921,"0hx""765 p3 b2 + 0",,Stacks,#ERROR!,Ba-á¸³ibuts : shevuÊ»on ha-á¸²ibuts ha-meÊ¾uá¸¥ad.,v.29-30,,0888800005710,39097014378344,
995999830101921,0hv#7801.3 a2 m37 ++ 0,,Stacks,#ERROR!,MarÊ¾ot : biá¹­on shoá¹­re YiÅ›aÊ¾el.,,,0888800005884,39097014235890,
995999870101921,"0bm""520 t74",,Stacks,BM520 .T74,Tsefunot = Tzfunot.,,,0888800005918,39097014185442,
996166210101921,0bm 1 m52,,Stacks,BM1 .M52,Mi-dor dor.,1978/79,,0888800040949,39097014185756,
996166780101921,"0hx""635 h4",,Stacks,HX635 .H4,Hedim : rivÊ»on ha-á¸²ibuts ha-artsi ha-shomer ha-tsaÊ»ir.,v. 18 (no 34-39) (1950-1951),,0888800043158,39097014236013,
996166780101921,"0hx""635 h4",,Stacks,HX635 .H4,Hedim : rivÊ»on ha-á¸²ibuts ha-artsi ha-shomer ha-tsaÊ»ir.,v. 19 (no 40-43) (1952-1954),,0888800043166,39097014236138,
996166780101921,"0hx""635 h4",,Stacks,HX635 .H4,Hedim : rivÊ»on ha-á¸²ibuts ha-artsi ha-shomer ha-tsaÊ»ir.,v. 20 (no 44-47) (1955),,0888800043174,39097014236252,
996166780101921,"0hx""635 h4",,Stacks,HX635 .H4,Hedim : rivÊ»on ha-á¸²ibuts ha-artsi ha-shomer ha-tsaÊ»ir.,v. 21 (no 48-51) (1956),,0888800043182,39097014236377,
996166780101921,"0hx""635 h4",,Stacks,HX635 .H4,Hedim : rivÊ»on ha-á¸²ibuts ha-artsi ha-shomer ha-tsaÊ»ir.,v. 22 (no 52-55) (1957),,0888800043190,39097014235882,
996166780101921,"0hx""635 h4",,Stacks,HX635 .H4,Hedim : rivÊ»on ha-á¸²ibuts ha-artsi ha-shomer ha-tsaÊ»ir.,v. 23 (no 56-59) (1958),,0888800043208,39097014236005,
996166780101921,"0hx""635 h4",,Stacks,HX635 .H4,Hedim : rivÊ»on ha-á¸²ibuts ha-artsi ha-shomer ha-tsaÊ»ir.,v. 24 (no 60-62) (1959),,0888800043216,39097014236120,
996166780101921,"0hx""635 h4",,Stacks,HX635 .H4,Hedim : rivÊ»on ha-á¸²ibuts ha-artsi ha-shomer ha-tsaÊ»ir.,v. 25 (no 63-66) (1960),,0888800043224,39097014236245,
996166780101921,"0hx""635 h4",,Stacks,HX635 .H4,Hedim : rivÊ»on ha-á¸²ibuts ha-artsi ha-shomer ha-tsaÊ»ir.,v. 26 (no 67-68) (1961),,0888800043232,39097014236369,
996166780101921,"0hx""635 h4",,Stacks,HX635 .H4,Hedim : rivÊ»on ha-á¸²ibuts ha-artsi ha-shomer ha-tsaÊ»ir.,v. 27 (no 69-71) (1962),,0888800043240,39097014235874,
996166780101921,"0hx""635 h4",,Stacks,HX635 .H4,Hedim : rivÊ»on ha-á¸²ibuts ha-artsi ha-shomer ha-tsaÊ»ir.,v. 28 (no 72-75) (1963),,0888800043257,39097014235999,
996166780101921,"0hx""635 h4",,Stacks,HX635 .H4,Hedim : rivÊ»on ha-á¸²ibuts ha-artsi ha-shomer ha-tsaÊ»ir.,v. 29 (no 76-78) (Feb.-Sept. 1964),,0888800043265,39097014236112,
996166780101921,"0hx""635 h4",,Stacks,HX635 .H4,Hedim : rivÊ»on ha-á¸²ibuts ha-artsi ha-shomer ha-tsaÊ»ir.,v. 30 (no 79-81) (Jan-July 1965),,0888800043273,39097014236237,
996166780101921,"0hx""635 h4",,Stacks,HX635 .H4,Hedim : rivÊ»on ha-á¸²ibuts ha-artsi ha-shomer ha-tsaÊ»ir.,v. 31 (no 82-84) (Jan-Sept 1966),,0888800043281,39097014236351,
996166780101921,"0hx""635 h4",,Stacks,HX635 .H4,Hedim : rivÊ»on ha-á¸²ibuts ha-artsi ha-shomer ha-tsaÊ»ir.,v. 32 (no 85-87) (Jan-Nov. 1967),,0888800043299,39097014235866,
996166780101921,"0hx""635 h4",,Stacks,HX635 .H4,Hedim : rivÊ»on ha-á¸²ibuts ha-artsi ha-shomer ha-tsaÊ»ir.,v. 33 (no 88-89) (Mar-Sept 1968),,0888800043307,39097014235981,
996166780101921,"0hx""635 h4",,Stacks,HX635 .H4,Hedim : rivÊ»on ha-á¸²ibuts ha-artsi ha-shomer ha-tsaÊ»ir.,v. 34 (no 90-91) (1969),,0888800043315,39097014236104,
996166780101921,"0hx""635 h4",,Stacks,HX635 .H4,Hedim : rivÊ»on ha-á¸²ibuts ha-artsi ha-shomer ha-tsaÊ»ir.,v. 35 (no 92-93) (1970),,0888800043323,39097014236229,
996166780101921,"0hx""635 h4",,Stacks,HX635 .H4,Hedim : rivÊ»on ha-á¸²ibuts ha-artsi ha-shomer ha-tsaÊ»ir.,v. 36 (no 94-96) (1971),,0888800043331,39097014236344,
996166780101921,"0hx""635 h4",,Stacks,HX635 .H4,Hedim : rivÊ»on ha-á¸²ibuts ha-artsi ha-shomer ha-tsaÊ»ir.,v. 37 (no 97-98) (1972),,0888800043349,39097014235858,
996166780101921,"0hx""635 h4",,Stacks,HX635 .H4,Hedim : rivÊ»on ha-á¸²ibuts ha-artsi ha-shomer ha-tsaÊ»ir.,v. 38 (no 99-100) (1973),,0888800043356,39097014235973,
996166780101921,"0hx""635 h4",,Stacks,HX635 .H4,Hedim : rivÊ»on ha-á¸²ibuts ha-artsi ha-shomer ha-tsaÊ»ir.,v. 39-40 (no. 101-103) (1974-1975),,0888800043364,39097014236096,
996166780101921,"0hx""635 h4",,Stacks,HX635 .H4,Hedim : rivÊ»on ha-á¸²ibuts ha-artsi ha-shomer ha-tsaÊ»ir.,v. 41-42 (no. 104-106) (1976-1977),,0888800043372,39097014236211,
996166780101921,"0hx""635 h4",,Stacks,HX635 .H4,Hedim : rivÊ»on ha-á¸²ibuts ha-artsi ha-shomer ha-tsaÊ»ir.,v. 43-44 (no. 107-109) (1978-1979),,0888800043380,39097014236336,
996166780101921,"0hx""635 h4",,Stacks,HX635 .H4,Hedim : rivÊ»on ha-á¸²ibuts ha-artsi ha-shomer ha-tsaÊ»ir.,v. 45 (n . 110) (1980),,0888800043398,39097014235841,
996166780101921,"0hx""635 h4",,Stacks,HX635 .H4,Hedim : rivÊ»on ha-á¸²ibuts ha-artsi ha-shomer ha-tsaÊ»ir.,v. 46 (no 111-114) (1982-1983),,0888800043406,39097014235965,
996166780101921,"0hx""635 h4",,Stacks,HX635 .H4,Hedim : rivÊ»on ha-á¸²ibuts ha-artsi ha-shomer ha-tsaÊ»ir.,v. 47 (no 115-118) (1984),,0888800043414,39097014236088,
996166780101921,"0hx""635 h4",,Stacks,HX635 .H4,Hedim : rivÊ»on ha-á¸²ibuts ha-artsi ha-shomer ha-tsaÊ»ir.,v. 48 (no 119-122) (1985),,0888800043422,39097014236203,
996166780101921,"0hx""635 h4",,Stacks,HX635 .H4,Hedim : rivÊ»on ha-á¸²ibuts ha-artsi ha-shomer ha-tsaÊ»ir.,v. 49 (no 123-126) (1986),,0888800043430,39097014236328,
996166780101921,"0hx""635 h4",,Stacks,HX635 .H4,Hedim : rivÊ»on ha-á¸²ibuts ha-artsi ha-shomer ha-tsaÊ»ir.,Index: 1934-1967,,0888800043448,39097014235833,
996166920101921,"0ht""395 i78 o35 + 0",,Stacks,#ERROR!,Ofaá¸³im be-geÊ¾ografyah.,v.1,,0888800044362,39097014236153,
996166920101921,"0ht""395 i78 o35 + 0",,Stacks,#ERROR!,Ofaá¸³im be-geÊ¾ografyah.,v.3,,0888800044388,39097014236286,
996166920101921,"0ht""395 i78 o35 + 0",,Stacks,#ERROR!,Ofaá¸³im be-geÊ¾ografyah.,v.4,,0888800044396,39097014236278,
996166920101921,"0ht""395 i78 o35 + 0",,Stacks,#ERROR!,Ofaá¸³im be-geÊ¾ografyah.,v.5,,0888800044404,39097014236401,
996166920101921,"0ht""395 i78 o35 + 0",,Stacks,#ERROR!,Ofaá¸³im be-geÊ¾ografyah.,v.6,,0888800044412,39097014236393,
996166920101921,"0ht""395 i78 o35 + 0",,Stacks,#ERROR!,Ofaá¸³im be-geÊ¾ografyah.,v.7,,0888800044420,39097014235908,
996166920101921,"0ht""395 i78 o35 + 0",,Stacks,#ERROR!,Ofaá¸³im be-geÊ¾ografyah.,v.8,,0888800044438,39097014236021,
996166920101921,"0ht""395 i78 o35 + 0",,Stacks,#ERROR!,Ofaá¸³im be-geÊ¾ografyah.,v.9-10,,0888800044446,39097014236146,
996166920101921,"0ht""395 i78 o35 + 0",,Stacks,#ERROR!,Ofaá¸³im be-geÊ¾ografyah.,v.23-26,,0888800044487,39097014236260,
996166920101921,"0ht""395 i78 o35 + 0",,Stacks,#ERROR!,Ofaá¸³im be-geÊ¾ografyah.,v.27-31,,0888800044495,39097014236385,
996166930101921,0hg#3361 p2 a15,,Stacks,HG3361.P2 A15,Din á¹¿e-á¸¥eshbon.,1959,,0888800044503,39097014617592,
996166930101921,0hg#3361 p2 a15,,Stacks,HG3361.P2 A15,Din á¹¿e-á¸¥eshbon.,1960,,0888800044511,39097014617600,
996166930101921,0hg#3361 p2 a15,,Stacks,HG3361.P2 A15,Din á¹¿e-á¸¥eshbon.,1961,,0888800044529,39097014617618,
996166930101921,0hg#3361 p2 a15,,Stacks,HG3361.P2 A15,Din á¹¿e-á¸¥eshbon.,1962,,0888800044537,39097014617626,
996166930101921,0hg#3361 p2 a15,,Stacks,HG3361.P2 A15,Din á¹¿e-á¸¥eshbon.,1963,,0888800044545,39097014617634,
996166930101921,0hg#3361 p2 a15,,Stacks,HG3361.P2 A15,Din á¹¿e-á¸¥eshbon.,1964,,0888800044552,39097014617642,
996166930101921,0hg#3361 p2 a15,,Stacks,HG3361.P2 A15,Din á¹¿e-á¸¥eshbon.,1965,,0888800044560,39097014617410,
996166930101921,0hg#3361 p2 a15,,Stacks,HG3361.P2 A15,Din á¹¿e-á¸¥eshbon.,1966,,0888800044578,39097014617428,
996166930101921,0hg#3361 p2 a15,,Stacks,HG3361.P2 A15,Din á¹¿e-á¸¥eshbon.,1967,,0888800044586,39097014617436,
996166930101921,0hg#3361 p2 a15,,Stacks,HG3361.P2 A15,Din á¹¿e-á¸¥eshbon.,1968,,0888800044594,39097014617444,
996166930101921,0hg#3361 p2 a15,,Stacks,HG3361.P2 A15,Din á¹¿e-á¸¥eshbon.,1969,,0888800044602,39097014617451,
996166930101921,0hg#3361 p2 a15,,Stacks,HG3361.P2 A15,Din á¹¿e-á¸¥eshbon.,1970,,0888800044610,39097014617469,
996166930101921,0hg#3361 p2 a15,,Stacks,HG3361.P2 A15,Din á¹¿e-á¸¥eshbon.,1971,,0888800044628,39097014617485,
996166930101921,0hg#3361 p2 a15,,Stacks,HG3361.P2 A15,Din á¹¿e-á¸¥eshbon.,1972,,0888800044636,39097014617477,
996166930101921,0hg#3361 p2 a15,,Stacks,HG3361.P2 A15,Din á¹¿e-á¸¥eshbon.,1973,,0888800044644,39097014617493,
996166930101921,0hg#3361 p2 a15,,Stacks,HG3361.P2 A15,Din á¹¿e-á¸¥eshbon.,1974,,0888800044651,39097014617501,
996166930101921,0hg#3361 p2 a15,,Stacks,HG3361.P2 A15,Din á¹¿e-á¸¥eshbon.,1975,,0888800044669,39097014617519,
996166930101921,0hg#3361 p2 a15,,Stacks,HG3361.P2 A15,Din á¹¿e-á¸¥eshbon.,1976,,0888800044677,39097014617527,
996166930101921,0hg#3361 p2 a15,,Stacks,HG3361.P2 A15,Din á¹¿e-á¸¥eshbon.,1977,,0888800044685,39097014235924,
996166930101921,0hg#3361 p2 a15,,Stacks,HG3361.P2 A15,Din á¹¿e-á¸¥eshbon.,1978,,0888800044693,39097014235916,
996166930101921,0hg#3361 p2 a15,,Stacks,HG3361.P2 A15,Din á¹¿e-á¸¥eshbon.,1980,,0888800044701,39097014236047,
996166930101921,0hg#3361 p2 a15,,Stacks,HG3361.P2 A15,Din á¹¿e-á¸¥eshbon.,1981,,0888800044719,39097014236039,
996166930101921,0hg#3361 p2 a15,,Stacks,HG3361.P2 A15,Din á¹¿e-á¸¥eshbon.,1982 (S ppl. 1-2),,0888800044727,39097014236161,
996166940101921,"0ds""111 a1 a77",,Stacks,DS111.A1 A77,Ê»Atikot. Sidrah Ê»Ivrit.,v.1,,0888800044735,39097014616511,
996166940101921,"0ds""111 a1 a77",,Stacks,DS111.A1 A77,Ê»Atikot. Sidrah Ê»Ivrit.,v.3,,0888800044750,39097014616503,
996166940101921,"0ds""111 a1 a77",,Stacks,DS111.A1 A77,Ê»Atikot. Sidrah Ê»Ivrit.,v.4,,0888800044768,39097014616495,
996166940101921,"0ds""111 a1 a77",,Stacks,DS111.A1 A77,Ê»Atikot. Sidrah Ê»Ivrit.,v.5,,0888800044776,39097014616487,
996166940101921,"0ds""111 a1 a77",,Stacks,DS111.A1 A77,Ê»Atikot. Sidrah Ê»Ivrit.,v.6,,0888800044784,39097014616479,
996166940101921,"0ds""111 a1 a77",,Stacks,DS111.A1 A77,Ê»Atikot. Sidrah Ê»Ivrit.,v.7,,0888800044792,39097014616461,
996166940101921,"0ds""111 a1 a77",,Stacks,DS111.A1 A77,Ê»Atikot. Sidrah Ê»Ivrit.,v.8,,0888800044800,39097014616453,
996166970101921,"0ds""101 w68",,Stacks,DS101 .W68,YediÊ»on / ha-Igud ha-Ê»olami le-madaÊ»e ha-Yahadut.,v.1-10(1970-1976),,0888800045294,39097014616289,
996166970101921,"0ds""101 w68",,Stacks,DS101 .W68,YediÊ»on / ha-Igud ha-Ê»olami le-madaÊ»e ha-Yahadut.,v.11-20(1977-1982),,0888800045302,39097014616271,
996166970101921,"0ds""101 w68",,Stacks,DS101 .W68,YediÊ»on / ha-Igud ha-Ê»olami le-madaÊ»e ha-Yahadut.,v.21-28(1982-1988),,0888800045310,39097014616396,
996167030101921,"0ds""135 r92 s5",,Stacks,DS135.R92 S5,Shevut.,no.1-2(1973-1974),,0888800045757,39097014617733,
996167030101921,"0ds""135 r92 s5",,Stacks,DS135.R92 S5,Shevut.,no.3-5(1975-1977),,0888800045765,39097014617725,
996167030101921,"0ds""135 r92 s5",,Stacks,DS135.R92 S5,Shevut.,no.6-8,,0888800045773,39097014617717,
996167030101921,"0ds""135 r92 s5",,Stacks,DS135.R92 S5,Shevut.,no.9-10,,0888800045781,39097014617659,
996167090101921,0ap!91 a8,,Stacks,AP91 .A8,Ê»Atidot.,,,0888800045880,39097014618335,
996167140101921,0ap!91 m26,,Stacks,AP91 .M26,MabuÊ»a.,v.1,,0888800045930,39097014618350,
996167140101921,0ap!91 m26,,Stacks,AP91 .M26,MabuÊ»a.,v.2,,0888800045948,39097014618368,
996167140101921,0ap!91 m26,,Stacks,AP91 .M26,MabuÊ»a.,v.3,,0888800045955,39097014618483,
996167140101921,0ap!91 m26,,Stacks,AP91 .M26,MabuÊ»a.,v.4,,0888800045963,39097014618475,
996167140101921,0ap!91 m26,,Stacks,AP91 .M26,MabuÊ»a.,v.5,,0888800045971,39097014618467,
996167140101921,0ap!91 m26,,Stacks,AP91 .M26,MabuÊ»a.,v.6,,0888800045989,39097014618459,
996167140101921,0ap!91 m26,,Stacks,AP91 .M26,MabuÊ»a.,v.7,,0888800045997,39097014618442,
996167140101921,0ap!91 m26,,Stacks,AP91 .M26,MabuÊ»a.,v.8,,0888800046003,39097014618434,
996167140101921,0ap!91 m26,,Stacks,AP91 .M26,MabuÊ»a.,v.9,,0888800046011,39097014618426,
996167140101921,0ap!91 m26,,Stacks,AP91 .M26,MabuÊ»a.,v.10,,0888800046029,39097014618418,
996167140101921,0ap!91 m26,,Stacks,AP91 .M26,MabuÊ»a.,v.11,,0888800046037,39097014618400,
996167140101921,0ap!91 m26,,Stacks,AP91 .M26,MabuÊ»a.,v.12,,0888800046045,39097014618392,
996167140101921,0ap!91 m26,,Stacks,AP91 .M26,MabuÊ»a.,v.13,,0888800046052,39097014618384,
996167140101921,0ap!91 m26,,Stacks,AP91 .M26,MabuÊ»a.,v.14,,0888800046060,39097014618376,
996167140101921,0ap!91 m26,,Stacks,AP91 .M26,MabuÊ»a.,v.15,,0888800046078,39097014618608,
996167140101921,0ap!91 m26,,Stacks,AP91 .M26,MabuÊ»a.,v.16,,0888800046086,39097014618590,
996167190101921,0ap!91 u58,,Stacks,AP91 .U58,Unzer tsayá¹­.,no.12-23(1942),,0888800046375,39097014618582,
996167190101921,0ap!91 u58,,Stacks,AP91 .U58,Unzer tsayá¹­.,no.24-35(1943),,0888800046383,39097014618574,
996167190101921,0ap!91 u58,,Stacks,AP91 .U58,Unzer tsayá¹­.,no.36-47(1944),,0888800046391,39097014618566,
996167190101921,0ap!91 u58,,Stacks,AP91 .U58,Unzer tsayá¹­.,no.48-59(1945),,0888800046409,39097014618558,
996167190101921,0ap!91 u58,,Stacks,AP91 .U58,Unzer tsayá¹­.,no.60-71(1946),,0888800046417,39097014618541,
996167190101921,0ap!91 u58,,Stacks,AP91 .U58,Unzer tsayá¹­.,no.72-78(1947),,0888800046425,39097014618533,
996167190101921,0ap!91 u58,,Stacks,AP91 .U58,Unzer tsayá¹­.,no.79-89(1948),,0888800046433,39097014618525,
996167190101921,0ap!91 u58,,Stacks,AP91 .U58,Unzer tsayá¹­.,no.90-100(1949),,0888800046441,39097014618517,
996167190101921,0ap!91 u58,,Stacks,AP91 .U58,Unzer tsayá¹­.,no.101-112(1950),,0888800046458,39097014618509,
996167190101921,0ap!91 u58,,Stacks,AP91 .U58,Unzer tsayá¹­.,no.113-124(1951),,0888800046466,39097014618491,
996167190101921,0ap!91 u58,,Stacks,AP91 .U58,Unzer tsayá¹­.,no.125-135(1952),,0888800046474,39097014619093,
996167190101921,0ap!91 u58,,Stacks,AP91 .U58,Unzer tsayá¹­.,no.137-148(1953),,0888800046482,39097014619101,
996167190101921,0ap!91 u58,,Stacks,AP91 .U58,Unzer tsayá¹­.,no.149-160(1954),,0888800046490,39097014619119,
996167190101921,0ap!91 u58,,Stacks,AP91 .U58,Unzer tsayá¹­.,no.161-172(1955),,0888800046508,39097014619127,
996167190101921,0ap!91 u58,,Stacks,AP91 .U58,Unzer tsayá¹­.,no.173-182(1956),,0888800046516,39097014619135,
996167190101921,0ap!91 u58,,Stacks,AP91 .U58,Unzer tsayá¹­.,no.183-194(1957),,0888800046524,39097014619143,
996167190101921,0ap!91 u58,,Stacks,AP91 .U58,Unzer tsayá¹­.,no.195-206(1958),,0888800046532,39097014619150,
996167190101921,0ap!91 u58,,Stacks,AP91 .U58,Unzer tsayá¹­.,no.207-218(1959),,0888800046540,39097014619168,
996167190101921,0ap!91 u58,,Stacks,AP91 .U58,Unzer tsayá¹­.,no.219-230(1960),,0888800046557,39097014619176,
996167190101921,0ap!91 u58,,Stacks,AP91 .U58,Unzer tsayá¹­.,no.231-241(1961),,0888800046565,39097014619184,
996167190101921,0ap!91 u58,,Stacks,AP91 .U58,Unzer tsayá¹­.,no.325-336(1969),,0888800046573,39097014619192,
996167190101921,0ap!91 u58,,Stacks,AP91 .U58,Unzer tsayá¹­.,no.337-348(1970),,0888800046581,39097014619200,
996167190101921,0ap!91 u58,,Stacks,AP91 .U58,Unzer tsayá¹­.,no.349-360(1971),,0888800046599,39097014619085,
996167190101921,0ap!91 u58,,Stacks,AP91 .U58,Unzer tsayá¹­.,no.361-372(1972),,0888800046607,39097014619077,
996167190101921,0ap!91 u58,,Stacks,AP91 .U58,Unzer tsayá¹­.,no.373-383(1973),,0888800046615,39097014619069,
996167190101921,0ap!91 u58,,Stacks,AP91 .U58,Unzer tsayá¹­.,no.384-395(1974),,0888800046623,39097014619051,
996167190101921,0ap!91 u58,,Stacks,AP91 .U58,Unzer tsayá¹­.,no.396-407(1975),,0888800046631,39097014619044,
996167190101921,0ap!91 u58,,Stacks,AP91 .U58,Unzer tsayá¹­.,no.408-419(1976),,0888800046649,39097014619036,
996167190101921,0ap!91 u58,,Stacks,AP91 .U58,Unzer tsayá¹­.,no.420-430(1977),,0888800046656,39097014619028,
996167190101921,0ap!91 u58,,Stacks,AP91 .U58,Unzer tsayá¹­.,no.431-442(1978),,0888800046664,39097014619010,
996167190101921,0ap!91 u58,,Stacks,AP91 .U58,Unzer tsayá¹­.,no.443-454(1979),,0888800046672,39097014619002,
996167190101921,0ap!91 u58,,Stacks,AP91 .U58,Unzer tsayá¹­.,no.455-467(1980),,0888800046680,39097014618996,
996167190101921,0ap!91 u58,,Stacks,AP91 .U58,Unzer tsayá¹­.,no.468-479(1981),,0888800046698,39097014618988,
996167190101921,0ap!91 u58,,Stacks,AP91 .U58,Unzer tsayá¹­.,no.480-491(1982),,0888800046706,39097014618970,
996167190101921,0ap!91 u58,,Stacks,AP91 .U58,Unzer tsayá¹­.,no.492-503(1983),,0888800046714,39097014618962,
996167190101921,0ap!91 u58,,Stacks,AP91 .U58,Unzer tsayá¹­.,no.504-515(1984),,0888800046722,39097014618954,
996167190101921,0ap!91 u58,,Stacks,AP91 .U58,Unzer tsayá¹­.,no.516-527(1985),,0888800046730,39097014618947,
996167190101921,0ap!91 u58,,Stacks,AP91 .U58,Unzer tsayá¹­.,no.528-539(1986),,0888800046748,39097014618939,
996167190101921,0ap!91 u58,,Stacks,AP91 .U58,Unzer tsayá¹­.,no.540-551(1987),,0888800046755,39097014618921,
996167190101921,0ap!91 u58,,Stacks,AP91 .U58,Unzer tsayá¹­.,no.552-563(1988),,0888800046763,39097014618913,
996167230101921,"0d""810 j4 m385a 0",,Stacks,D810.J4 M385a,MaÅ›uÊ¾ah.,v.1(1973),,0888800046821,39097014616644,
996167230101921,"0d""810 j4 m385a 0",,Stacks,D810.J4 M385a,MaÅ›uÊ¾ah.,v.2(1974),,0888800046839,39097014616636,
996167230101921,"0d""810 j4 m385a 0",,Stacks,D810.J4 M385a,MaÅ›uÊ¾ah.,v.3(1975),,0888800046847,39097014616628,
996167230101921,"0d""810 j4 m385a 0",,Stacks,D810.J4 M385a,MaÅ›uÊ¾ah.,v.4(1976),,0888800046854,39097014616610,
996167230101921,"0d""810 j4 m385a 0",,Stacks,D810.J4 M385a,MaÅ›uÊ¾ah.,v.5(1977),,0888800046862,39097014616602,
996167230101921,"0d""810 j4 m385a 0",,Stacks,D810.J4 M385a,MaÅ›uÊ¾ah.,v.6(1978),,0888800046870,39097014616594,
996167230101921,"0d""810 j4 m385a 0",,Stacks,D810.J4 M385a,MaÅ›uÊ¾ah.,v.7(1979),,0888800046888,39097014616586,
996167230101921,"0d""810 j4 m385a 0",,Stacks,D810.J4 M385a,MaÅ›uÊ¾ah.,v.8(1980),,0888800046896,39097014616578,
996167230101921,"0d""810 j4 m385a 0",,Stacks,D810.J4 M385a,MaÅ›uÊ¾ah.,v.12(1984),,0888800046904,39097014616560,
996227440101921,0l!60 i88,,Stacks,L60 .I88,Ê»Iyunim be-á¸¥inukh.,no. 1-5 (1973/74),,0888800063339,39097014238043,
996227440101921,0l!60 i88,,Stacks,L60 .I88,Ê»Iyunim be-á¸¥inukh.,no. 6-9 (1975),,0888800063347,39097014238050,
996227440101921,0l!60 i88,,Stacks,L60 .I88,Ê»Iyunim be-á¸¥inukh.,no. 10-13 (1976),,0888800063354,39097014238068,
996227440101921,0l!60 i88,,Stacks,L60 .I88,Ê»Iyunim be-á¸¥inukh.,no. 14-15 (1977),,0888800063362,39097014238076,
996227440101921,0l!60 i88,,Stacks,L60 .I88,Ê»Iyunim be-á¸¥inukh.,no. 18-20 (1978),,0888800063370,39097014238084,
996227440101921,0l!60 i88,,Stacks,L60 .I88,Ê»Iyunim be-á¸¥inukh.,no. 21-24 (1979),,0888800063388,39097014238209,
996227440101921,0l!60 i88,,Stacks,L60 .I88,Ê»Iyunim be-á¸¥inukh.,no. 25-28 (1980),,0888800063396,39097014238183,
996227440101921,0l!60 i88,,Stacks,L60 .I88,Ê»Iyunim be-á¸¥inukh.,no. 29-32 (1981),,0888800063404,39097014238191,
996227440101921,0l!60 i88,,Stacks,L60 .I88,Ê»Iyunim be-á¸¥inukh.,no. 33-35 (1982),,0888800063412,39097014238175,
996227440101921,0l!60 i88,,Stacks,L60 .I88,Ê»Iyunim be-á¸¥inukh.,no. 36-38 (1983),,0888800063420,39097014238167,
996227440101921,0l!60 i88,,Stacks,L60 .I88,Ê»Iyunim be-á¸¥inukh.,no. 39-42 (1984-85),,0888800063438,39097014238159,
996227440101921,0l!60 i88,,Stacks,L60 .I88,Ê»Iyunim be-á¸¥inukh.,no. 43-47 (1986-87),,0888800063446,39097014238142,
996227440101921,0l!60 i88,,Stacks,L60 .I88,Ê»Iyunim be-á¸¥inukh.,no. 48-50 (June 1988-1989),,0888800063453,39097014238134,
996227970101921,"0z""671 y3",,Stacks,Z671 .Y3,"Yad la-á¸³ore : yotse le-or Ê»al yede Histadrut ha-peá¸³idim, Irgun safrane YiÅ›raÊ¾el.",v.1,,0888800065821,39097014238589,
996227970101921,"0z""671 y3",,Stacks,Z671 .Y3,"Yad la-á¸³ore : yotse le-or Ê»al yede Histadrut ha-peá¸³idim, Irgun safrane YiÅ›raÊ¾el.",v.2,,0888800065839,39097014238571,
996227970101921,"0z""671 y3",,Stacks,Z671 .Y3,"Yad la-á¸³ore : yotse le-or Ê»al yede Histadrut ha-peá¸³idim, Irgun safrane YiÅ›raÊ¾el.",Suppl.: v.2,,0888800065847,39097014238563,
996227970101921,"0z""671 y3",,Stacks,Z671 .Y3,"Yad la-á¸³ore : yotse le-or Ê»al yede Histadrut ha-peá¸³idim, Irgun safrane YiÅ›raÊ¾el.",v.3,,0888800065854,39097014238555,
996227970101921,"0z""671 y3",,Stacks,Z671 .Y3,"Yad la-á¸³ore : yotse le-or Ê»al yede Histadrut ha-peá¸³idim, Irgun safrane YiÅ›raÊ¾el.",v.4,,0888800065862,39097014238548,
996227970101921,"0z""671 y3",,Stacks,Z671 .Y3,"Yad la-á¸³ore : yotse le-or Ê»al yede Histadrut ha-peá¸³idim, Irgun safrane YiÅ›raÊ¾el.",v.5,,0888800065870,39097014238530,
996227970101921,"0z""671 y3",,Stacks,Z671 .Y3,"Yad la-á¸³ore : yotse le-or Ê»al yede Histadrut ha-peá¸³idim, Irgun safrane YiÅ›raÊ¾el.",v.6,,0888800065888,39097014238522,
996227970101921,"0z""671 y3",,Stacks,Z671 .Y3,"Yad la-á¸³ore : yotse le-or Ê»al yede Histadrut ha-peá¸³idim, Irgun safrane YiÅ›raÊ¾el.",v.7,,0888800065896,39097014238514,
996227970101921,"0z""671 y3",,Stacks,Z671 .Y3,"Yad la-á¸³ore : yotse le-or Ê»al yede Histadrut ha-peá¸³idim, Irgun safrane YiÅ›raÊ¾el.",v.8,,0888800065904,39097014238506,
996227970101921,"0z""671 y3",,Stacks,Z671 .Y3,"Yad la-á¸³ore : yotse le-or Ê»al yede Histadrut ha-peá¸³idim, Irgun safrane YiÅ›raÊ¾el.",v.9,,0888800065912,39097014238498,
996227970101921,"0z""671 y3",,Stacks,Z671 .Y3,"Yad la-á¸³ore : yotse le-or Ê»al yede Histadrut ha-peá¸³idim, Irgun safrane YiÅ›raÊ¾el.",v.10,,0888800065920,39097014238480,
996227970101921,"0z""671 y3",,Stacks,Z671 .Y3,"Yad la-á¸³ore : yotse le-or Ê»al yede Histadrut ha-peá¸³idim, Irgun safrane YiÅ›raÊ¾el.",v.11,,0888800065938,39097014238472,
996227970101921,"0z""671 y3",,Stacks,Z671 .Y3,"Yad la-á¸³ore : yotse le-or Ê»al yede Histadrut ha-peá¸³idim, Irgun safrane YiÅ›raÊ¾el.",v.12,,0888800065946,39097014238464,
996227970101921,"0z""671 y3",,Stacks,Z671 .Y3,"Yad la-á¸³ore : yotse le-or Ê»al yede Histadrut ha-peá¸³idim, Irgun safrane YiÅ›raÊ¾el.",v.13,,0888800065953,39097014238456,
996227970101921,"0z""671 y3",,Stacks,Z671 .Y3,"Yad la-á¸³ore : yotse le-or Ê»al yede Histadrut ha-peá¸³idim, Irgun safrane YiÅ›raÊ¾el.",v.14,,0888800065961,39097014238449,
996227970101921,"0z""671 y3",,Stacks,Z671 .Y3,"Yad la-á¸³ore : yotse le-or Ê»al yede Histadrut ha-peá¸³idim, Irgun safrane YiÅ›raÊ¾el.",v.15,,0888800065979,39097014238431,
996227970101921,"0z""671 y3",,Stacks,Z671 .Y3,"Yad la-á¸³ore : yotse le-or Ê»al yede Histadrut ha-peá¸³idim, Irgun safrane YiÅ›raÊ¾el.",Index: v.1-15,,0888800065987,39097014238423,
996227970101921,"0z""671 y3",,Stacks,Z671 .Y3,"Yad la-á¸³ore : yotse le-or Ê»al yede Histadrut ha-peá¸³idim, Irgun safrane YiÅ›raÊ¾el.",v.16,,0888800065995,39097014238415,
996227970101921,"0z""671 y3",,Stacks,Z671 .Y3,"Yad la-á¸³ore : yotse le-or Ê»al yede Histadrut ha-peá¸³idim, Irgun safrane YiÅ›raÊ¾el.",v.17,,0888800066001,39097014238407,
996227970101921,"0z""671 y3",,Stacks,Z671 .Y3,"Yad la-á¸³ore : yotse le-or Ê»al yede Histadrut ha-peá¸³idim, Irgun safrane YiÅ›raÊ¾el.",v.18,,0888800066019,39097014238399,
996227970101921,"0z""671 y3",,Stacks,Z671 .Y3,"Yad la-á¸³ore : yotse le-or Ê»al yede Histadrut ha-peá¸³idim, Irgun safrane YiÅ›raÊ¾el.",v.19-20(1980-1982),,0888800066027,39097014238381,
996227970101921,"0z""671 y3",,Stacks,Z671 .Y3,"Yad la-á¸³ore : yotse le-or Ê»al yede Histadrut ha-peá¸³idim, Irgun safrane YiÅ›raÊ¾el.",v.21-22(1984-1986),,0888800066035,39097014238373,
996227970101921,"0z""671 y3",,Stacks,Z671 .Y3,"Yad la-á¸³ore : yotse le-or Ê»al yede Histadrut ha-peá¸³idim, Irgun safrane YiÅ›raÊ¾el.",v.23-24(1987-1990),,0888800066043,39097014238365,
996228020101921,0kmk#2300 a32 i852,,Stacks,KMK2300 .A32 I852,Kovets ha-takanot : á¸¥iá¸³uá¸³e shilton meá¸³omi.,1-48,,0888800067082,39097014237912,
996228020101921,0kmk#2300 a32 i852,,Stacks,KMK2300 .A32 I852,Kovets ha-takanot : á¸¥iá¸³uá¸³e shilton meá¸³omi.,49-95,,0888800067090,39097014237920,
996228020101921,0kmk#2300 a32 i852,,Stacks,KMK2300 .A32 I852,Kovets ha-takanot : á¸¥iá¸³uá¸³e shilton meá¸³omi.,Index: no.96-145,,0888800067108,39097014237938,
996228020101921,0kmk#2300 a32 i852,,Stacks,KMK2300 .A32 I852,Kovets ha-takanot : á¸¥iá¸³uá¸³e shilton meá¸³omi.,146-195,,0888800067116,39097014237946,
996228020101921,0kmk#2300 a32 i852,,Stacks,KMK2300 .A32 I852,Kovets ha-takanot : á¸¥iá¸³uá¸³e shilton meá¸³omi.,196-248,,0888800067124,39097014237953,
996228020101921,0kmk#2300 a32 i852,,Stacks,KMK2300 .A32 I852,Kovets ha-takanot : á¸¥iá¸³uá¸³e shilton meá¸³omi.,249-289,,0888800067132,39097014237961,
996228020101921,0kmk#2300 a32 i852,,Stacks,KMK2300 .A32 I852,Kovets ha-takanot : á¸¥iá¸³uá¸³e shilton meá¸³omi.,290-313,,0888800067140,39097014237979,
996228020101921,0kmk#2300 a32 i852,,Stacks,KMK2300 .A32 I852,Kovets ha-takanot : á¸¥iá¸³uá¸³e shilton meá¸³omi.,314-343,,0888800067157,39097014237987,
996228020101921,0kmk#2300 a32 i852,,Stacks,KMK2300 .A32 I852,Kovets ha-takanot : á¸¥iá¸³uá¸³e shilton meá¸³omi.,344-383,,0888800067165,39097014237995,
996228020101921,0kmk#2300 a32 i852,,Stacks,KMK2300 .A32 I852,Kovets ha-takanot : á¸¥iá¸³uá¸³e shilton meá¸³omi.,384-435,,0888800067173,39097014238001,
996228020101921,0kmk#2300 a32 i852,,Stacks,KMK2300 .A32 I852,Kovets ha-takanot : á¸¥iá¸³uá¸³e shilton meá¸³omi.,436-465,,0888800067181,39097014238019,
996228030101921,0kmk!13 i85,,Stacks,KMK13 .I85,á¸²ovets ha-taá¸³anot.,no.299-347,,0888800067199,39097014237235,
996228030101921,0kmk!13 i85,,Stacks,KMK13 .I85,á¸²ovets ha-taá¸³anot.,no.348-389,,0888800067207,39097014237227,
996228030101921,0kmk!13 i85,,Stacks,KMK13 .I85,á¸²ovets ha-taá¸³anot.,no.390-474,,0888800067215,39097014237219,
996228030101921,0kmk!13 i85,,Stacks,KMK13 .I85,á¸²ovets ha-taá¸³anot.,no.475-507,,0888800067223,39097014237201,
996228030101921,0kmk!13 i85,,Stacks,KMK13 .I85,á¸²ovets ha-taá¸³anot.,no.508-550,,0888800067231,39097014237193,
996228030101921,0kmk!13 i85,,Stacks,KMK13 .I85,á¸²ovets ha-taá¸³anot.,no.553-625,,0888800067249,39097014237177,
996228030101921,0kmk!13 i85,,Stacks,KMK13 .I85,á¸²ovets ha-taá¸³anot.,no.627-666,,0888800067256,39097014237185,
996228030101921,0kmk!13 i85,,Stacks,KMK13 .I85,á¸²ovets ha-taá¸³anot.,no.668-691,,0888800067264,39097014237169,
996228030101921,0kmk!13 i85,,Stacks,KMK13 .I85,á¸²ovets ha-taá¸³anot.,no.766-782,,0888800067272,39097014237151,
996228030101921,0kmk!13 i85,,Stacks,KMK13 .I85,á¸²ovets ha-taá¸³anot.,no.1527-1575,,0888800067280,39097014237144,
996228030101921,0kmk!13 i85,,Stacks,KMK13 .I85,á¸²ovets ha-taá¸³anot.,no.1576-1623,,0888800067298,39097014237136,
996228030101921,0kmk!13 i85,,Stacks,KMK13 .I85,á¸²ovets ha-taá¸³anot.,no.1624-1662,,0888800067306,39097014237367,
996228030101921,0kmk!13 i85,,Stacks,KMK13 .I85,á¸²ovets ha-taá¸³anot.,no.1663-1674,,0888800067314,39097014237359,
996228030101921,0kmk!13 i85,,Stacks,KMK13 .I85,á¸²ovets ha-taá¸³anot.,no.1675-1743,,0888800067322,39097014237342,
996228030101921,0kmk!13 i85,,Stacks,KMK13 .I85,á¸²ovets ha-taá¸³anot.,no.1748-1777,,0888800067330,39097014237334,
996228030101921,0kmk!13 i85,,Stacks,KMK13 .I85,á¸²ovets ha-taá¸³anot.,no.1778-1844,,0888800067348,39097014237326,
996228030101921,0kmk!13 i85,,Stacks,KMK13 .I85,á¸²ovets ha-taá¸³anot.,no.1845-1884,,0888800067355,39097014237318,
996228030101921,0kmk!13 i85,,Stacks,KMK13 .I85,á¸²ovets ha-taá¸³anot.,no.1886-1896,,0888800067363,39097014237300,
996228030101921,0kmk!13 i85,,Stacks,KMK13 .I85,á¸²ovets ha-taá¸³anot.,no.1898-1933,,0888800067371,39097014237292,
996228030101921,0kmk!13 i85,,Stacks,KMK13 .I85,á¸²ovets ha-taá¸³anot.,no.1934-1977,,0888800067389,39097014237284,
996228030101921,0kmk!13 i85,,Stacks,KMK13 .I85,á¸²ovets ha-taá¸³anot.,no.1979-2043,,0888800067397,39097014237276,
996228030101921,0kmk!13 i85,,Stacks,KMK13 .I85,á¸²ovets ha-taá¸³anot.,"no.2044-2109,2111-2116",,0888800067405,39097014237268,
996228030101921,0kmk!13 i85,,Stacks,KMK13 .I85,á¸²ovets ha-taá¸³anot.,no.2117-2177,,0888800067413,39097014237250,
996228030101921,0kmk!13 i85,,Stacks,KMK13 .I85,á¸²ovets ha-taá¸³anot.,no.2178-2231,,0888800067421,39097014237482,
996228030101921,0kmk!13 i85,,Stacks,KMK13 .I85,á¸²ovets ha-taá¸³anot.,no.2232-2285,,0888800067439,39097014237474,
996228030101921,0kmk!13 i85,,Stacks,KMK13 .I85,á¸²ovets ha-taá¸³anot.,no.2286-2361,,0888800067447,39097014237466,
996228030101921,0kmk!13 i85,,Stacks,KMK13 .I85,á¸²ovets ha-taá¸³anot.,no.2362-2449,,0888800067454,39097014237458,
996228030101921,0kmk!13 i85,,Stacks,KMK13 .I85,á¸²ovets ha-taá¸³anot.,no.2450-2526,,0888800067462,39097014237441,
996228030101921,0kmk!13 i85,,Stacks,KMK13 .I85,á¸²ovets ha-taá¸³anot.,no.2527-2619,,0888800067470,39097014237433,
996228030101921,0kmk!13 i85,,Stacks,KMK13 .I85,á¸²ovets ha-taá¸³anot.,no.2620-2680,,0888800067488,39097014237425,
996228030101921,0kmk!13 i85,,Stacks,KMK13 .I85,á¸²ovets ha-taá¸³anot.,no.2681-2747,,0888800067496,39097014237417,
996228030101921,0kmk!13 i85,,Stacks,KMK13 .I85,á¸²ovets ha-taá¸³anot.,no.2748-2826,,0888800067504,39097014237409,
996228030101921,0kmk!13 i85,,Stacks,KMK13 .I85,á¸²ovets ha-taá¸³anot.,no.2827-2900,,0888800067512,39097014237391,
996228030101921,0kmk!13 i85,,Stacks,KMK13 .I85,á¸²ovets ha-taá¸³anot.,no.2907-2991,,0888800067520,39097014237383,
996228030101921,0kmk!13 i85,,Stacks,KMK13 .I85,á¸²ovets ha-taá¸³anot.,no.2992-3062,,0888800067538,39097014237375,
996228030101921,0kmk!13 i85,,Stacks,KMK13 .I85,á¸²ovets ha-taá¸³anot.,no.3063-3147,,0888800067546,39097014237607,
996228030101921,0kmk!13 i85,,Stacks,KMK13 .I85,á¸²ovets ha-taá¸³anot.,no.3148-3227,,0888800067553,39097014237599,
996228030101921,0kmk!13 i85,,Stacks,KMK13 .I85,á¸²ovets ha-taá¸³anot.,no.3228-3273,,0888800067561,39097014237581,
996228030101921,0kmk!13 i85,,Stacks,KMK13 .I85,á¸²ovets ha-taá¸³anot.,no.3317-3393,,0888800067579,39097014237573,
996228030101921,0kmk!13 i85,,Stacks,KMK13 .I85,á¸²ovets ha-taá¸³anot.,no.3394-3503,,0888800067587,39097014237565,
996228030101921,0kmk!13 i85,,Stacks,KMK13 .I85,á¸²ovets ha-taá¸³anot.,no.3504-3593,,0888800067595,39097014237557,
996228030101921,0kmk!13 i85,,Stacks,KMK13 .I85,á¸²ovets ha-taá¸³anot.,no.3594-3679,,0888800067603,39097014237540,
996228030101921,0kmk!13 i85,,Stacks,KMK13 .I85,á¸²ovets ha-taá¸³anot.,no.3680-3760,,0888800067611,39097014237532,
996228030101921,0kmk!13 i85,,Stacks,KMK13 .I85,á¸²ovets ha-taá¸³anot.,no.3761-3834,,0888800067629,39097014237524,
996228030101921,0kmk!13 i85,,Stacks,KMK13 .I85,á¸²ovets ha-taá¸³anot.,no.3835-3896,,0888800067637,39097014237516,
996228030101921,0kmk!13 i85,,Stacks,KMK13 .I85,á¸²ovets ha-taá¸³anot.,no.3897-3963,,0888800067645,39097014237508,
996228030101921,0kmk!13 i85,,Stacks,KMK13 .I85,á¸²ovets ha-taá¸³anot.,no.3964-4028,,0888800067652,39097014237490,
996228030101921,0kmk!13 i85,,Stacks,KMK13 .I85,á¸²ovets ha-taá¸³anot.,no.4029-4085,,0888800067660,39097014237615,
996228030101921,0kmk!13 i85,,Stacks,KMK13 .I85,á¸²ovets ha-taá¸³anot.,no.4086-4131,,0888800067678,39097014237623,
996228030101921,0kmk!13 i85,,Stacks,KMK13 .I85,á¸²ovets ha-taá¸³anot.,no.4132-4165,,0888800067694,39097014237631,
996228030101921,0kmk!13 i85,,Stacks,KMK13 .I85,á¸²ovets ha-taá¸³anot.,no.4166-4221,,0888800067702,39097014237649,
996228030101921,0kmk!13 i85,,Stacks,KMK13 .I85,á¸²ovets ha-taá¸³anot.,no.4222-4275,,0888800067710,39097014237656,
996228030101921,0kmk!13 i85,,Stacks,KMK13 .I85,á¸²ovets ha-taá¸³anot.,no.4276-4332,,0888800067728,39097014237664,
996228030101921,0kmk!13 i85,,Stacks,KMK13 .I85,á¸²ovets ha-taá¸³anot.,no.4333-4399,,0888800067736,39097014237672,
996228030101921,0kmk!13 i85,,Stacks,KMK13 .I85,á¸²ovets ha-taá¸³anot.,no.4400-4465,,0888800067744,39097014237680,
996228030101921,0kmk!13 i85,,Stacks,KMK13 .I85,á¸²ovets ha-taá¸³anot.,no.4466-4499,,0888800067751,39097014237698,
996228030101921,0kmk!13 i85,,Stacks,KMK13 .I85,á¸²ovets ha-taá¸³anot.,no.4500-4528,,0888800067769,39097014237706,
996228030101921,0kmk!13 i85,,Stacks,KMK13 .I85,á¸²ovets ha-taá¸³anot.,no.4529-4571,,0888800067777,39097014237714,
996228030101921,0kmk!13 i85,,Stacks,KMK13 .I85,á¸²ovets ha-taá¸³anot.,no.4572-4615,,0888800067785,39097014237722,
996228030101921,0kmk!13 i85,,Stacks,KMK13 .I85,á¸²ovets ha-taá¸³anot.,no.4616-4655,,0888800067793,39097014237730,
996228030101921,0kmk!13 i85,,Stacks,KMK13 .I85,á¸²ovets ha-taá¸³anot.,no.4656-4708,,0888800067801,39097014237748,
996228030101921,0kmk!13 i85,,Stacks,KMK13 .I85,á¸²ovets ha-taá¸³anot.,no.4709-4742,,0888800067819,39097014237755,
996228030101921,0kmk!13 i85,,Stacks,KMK13 .I85,á¸²ovets ha-taá¸³anot.,no.4743-4799,,0888800067827,39097014237763,
996228030101921,0kmk!13 i85,,Stacks,KMK13 .I85,á¸²ovets ha-taá¸³anot.,no.4800-4857,,0888800067835,39097014237771,
996228030101921,0kmk!13 i85,,Stacks,KMK13 .I85,á¸²ovets ha-taá¸³anot.,no.4858-4930,,0888800067843,39097014237789,
996228030101921,0kmk!13 i85,,Stacks,KMK13 .I85,á¸²ovets ha-taá¸³anot.,no.4931-4974,,0888800067850,39097014237797,
996228030101921,0kmk!13 i85,,Stacks,KMK13 .I85,á¸²ovets ha-taá¸³anot.,no.4975-5018,,0888800067868,39097014237805,
996228030101921,0kmk!13 i85,,Stacks,KMK13 .I85,á¸²ovets ha-taá¸³anot.,no.5019-5055,,0888800067876,39097014237813,
996228030101921,0kmk!13 i85,,Stacks,KMK13 .I85,á¸²ovets ha-taá¸³anot.,no.5056-5094,,0888800067884,39097014237821,
996228030101921,0kmk!13 i85,,Stacks,KMK13 .I85,á¸²ovets ha-taá¸³anot.,no.5095-5133,,0888800067892,39097014237839,
996228030101921,0kmk!13 i85,,Stacks,KMK13 .I85,á¸²ovets ha-taá¸³anot.,no.5134-5175,,0888800067900,39097014237847,
996228030101921,0kmk!13 i85,,Stacks,KMK13 .I85,á¸²ovets ha-taá¸³anot.,no.5176-5221,,0888800067918,39097014237854,
996228030101921,0kmk!13 i85,,Stacks,KMK13 .I85,á¸²ovets ha-taá¸³anot.,no.5222-5274,,0888800067926,39097014237862,
996228030101921,0kmk!13 i85,,Stacks,KMK13 .I85,á¸²ovets ha-taá¸³anot.,no.5275-5295,,0888800067934,39097014237870,
996228030101921,0kmk!13 i85,,Stacks,KMK13 .I85,á¸²ovets ha-taá¸³anot.,no.5296-5341,,0888800067942,39097014237888,
996228030101921,0kmk!13 i85,,Stacks,KMK13 .I85,á¸²ovets ha-taá¸³anot.,no.5342-5383,,0888800067959,39097014237896,
996289790101921,"0he""945 z5 z5",,Stacks,HE945.Z5 Z5,Tsim : [biá¹­aÊ¾on] = Zim.,no. 1-9 (Sept. 1971-July 1974),,0888800088898,39097014617543,
996289790101921,"0he""945 z5 z5",,Stacks,HE945.Z5 Z5,Tsim : [biá¹­aÊ¾on] = Zim.,no. 10-20 (Mar. 1975-Sept. 1979),,0888800088906,39097014617535,
996289790101921,"0he""945 z5 z5",,Stacks,HE945.Z5 Z5,Tsim : [biá¹­aÊ¾on] = Zim.,no. 21-26 (Mar. 1980-Apr. 1982),,0888800088914,39097014617550,
996289790101921,"0he""945 z5 z5",,Stacks,HE945.Z5 Z5,Tsim : [biá¹­aÊ¾on] = Zim.,no. 27-32 (Aug. 1983-Sept. 1985),,0888800088922,39097014617568,
996289790101921,"0he""945 z5 z5",,Stacks,HE945.Z5 Z5,Tsim : [biá¹­aÊ¾on] = Zim.,no. 33-41 (Apr. 1986-Sept. 1989),,0888800088948,39097014617576,
996289820101921,0hd#3555 p2 t7,,Stacks,HD3555..P2 T7,Tsorkhanut shitufit.,1964-1969,,0888800088963,39097007914733,
996289840101921,0hd#8039 b27 i73,,Stacks,HD8039.B27 I73,Ofek.,no. 193-204,,0888800088971,39097014617667,
996289940101921,"0bm""496 a1 k635",,Stacks,BM496.A1 K635,á¸²ovets á¸²ol YaÊ»aá¸³ov / Kolel á¸²ehilat YaÊ»aá¸³ov mi-Papa.,,,0888800089052,39097014185566,
996290680101921,0ap!91 a6 1983 + 0,,Stacks,#ERROR!,Apiryon.,no.1-8(1983-1988),,0888800089565,39097014618905,
996290680101921,0ap!91 a6 1983 + 0,,Stacks,#ERROR!,Apiryon.,no.9-15(1988-1989),,0888800089573,39097014618897,
996290680101921,0ap!91 a6 1983 + 0,,Stacks,#ERROR!,Apiryon.,no.16-21(1989-1990),,0888800089581,39097014618889,
996290730101921,0bm 1 o6,,Stacks,BM1 .O6,Or ha-Mizraá¸¥.,v.1,,0888800090183,39097014618863,
996290730101921,0bm 1 o6,,Stacks,BM1 .O6,Or ha-Mizraá¸¥.,v.2,,0888800090191,39097014618855,
996290730101921,0bm 1 o6,,Stacks,BM1 .O6,Or ha-Mizraá¸¥.,v.3,,0888800090209,39097014618848,
996290730101921,0bm 1 o6,,Stacks,BM1 .O6,Or ha-Mizraá¸¥.,v.4,,0888800090217,39097014618830,
996290730101921,0bm 1 o6,,Stacks,BM1 .O6,Or ha-Mizraá¸¥.,v.5,,0888800090225,39097014618822,
996290730101921,0bm 1 o6,,Stacks,BM1 .O6,Or ha-Mizraá¸¥.,v.6,,0888800090233,39097014618814,
996290730101921,0bm 1 o6,,Stacks,BM1 .O6,Or ha-Mizraá¸¥.,v.7,,0888800090241,39097014618806,
996290730101921,0bm 1 o6,,Stacks,BM1 .O6,Or ha-Mizraá¸¥.,v.8,,0888800090258,39097014618798,
996290730101921,0bm 1 o6,,Stacks,BM1 .O6,Or ha-Mizraá¸¥.,v.9,,0888800090266,39097014618780,
996290730101921,0bm 1 o6,,Stacks,BM1 .O6,Or ha-Mizraá¸¥.,v.10,,0888800090274,39097014618772,
996290730101921,0bm 1 o6,,Stacks,BM1 .O6,Or ha-Mizraá¸¥.,v.15,,0888800090316,39097014618764,
996290730101921,0bm 1 o6,,Stacks,BM1 .O6,Or ha-Mizraá¸¥.,v.16,,0888800090324,39097014618756,
996290730101921,0bm 1 o6,,Stacks,BM1 .O6,Or ha-Mizraá¸¥.,v.17,,0888800090332,39097014618749,
996290730101921,0bm 1 o6,,Stacks,BM1 .O6,Or ha-Mizraá¸¥.,v.18,,0888800090340,39097014618731,
996290730101921,0bm 1 o6,,Stacks,BM1 .O6,Or ha-Mizraá¸¥.,v.19,,0888800090357,39097014618723,
996290730101921,0bm 1 o6,,Stacks,BM1 .O6,Or ha-Mizraá¸¥.,v.20,,0888800090365,39097014618715,
996290730101921,0bm 1 o6,,Stacks,BM1 .O6,Or ha-Mizraá¸¥.,v.21,,0888800090373,39097014618707,
996290730101921,0bm 1 o6,,Stacks,BM1 .O6,Or ha-Mizraá¸¥.,v.22,,0888800090381,39097014618699,
996290730101921,0bm 1 o6,,Stacks,BM1 .O6,Or ha-Mizraá¸¥.,v.23-25,,0888800090399,39097014618681,
996290730101921,0bm 1 o6,,Stacks,BM1 .O6,Or ha-Mizraá¸¥.,v.26-27,,0888800090407,39097014618673,
996290730101921,0bm 1 o6,,Stacks,BM1 .O6,Or ha-Mizraá¸¥.,v.28,,0888800090415,39097014618665,
996290730101921,0bm 1 o6,,Stacks,BM1 .O6,Or ha-Mizraá¸¥.,v.29:no. 1-2,,0888800090423,39097014618657,
996290730101921,0bm 1 o6,,Stacks,BM1 .O6,Or ha-Mizraá¸¥.,v.29:no. 3-4,,0888800090431,39097014618640,
996290730101921,0bm 1 o6,,Stacks,BM1 .O6,Or ha-Mizraá¸¥.,v.31,,0888800090449,39097014618632,
996290730101921,0bm 1 o6,,Stacks,BM1 .O6,Or ha-Mizraá¸¥.,v.32,,0888800090456,39097014618624,
996290730101921,0bm 1 o6,,Stacks,BM1 .O6,Or ha-Mizraá¸¥.,v.33,,0888800090464,39097014618616,
996290730101921,0bm 1 o6,,Stacks,BM1 .O6,Or ha-Mizraá¸¥.,v.34,,0888800090472,39097014616784,
996290730101921,0bm 1 o6,,Stacks,BM1 .O6,Or ha-Mizraá¸¥.,v.35,,0888800090480,39097014616792,
996290730101921,0bm 1 o6,,Stacks,BM1 .O6,Or ha-Mizraá¸¥.,v.36,,0888800090498,39097014616800,
996290730101921,0bm 1 o6,,Stacks,BM1 .O6,Or ha-Mizraá¸¥.,v.37-38,,0888800090506,39097014616685,
996290730101921,0bm 1 o6,,Stacks,BM1 .O6,Or ha-Mizraá¸¥.,v.39-40,,0888800090514,39097014616677,
996290680101921,0ap!91 a6 1983 + 0,,Stacks,#ERROR!,Apiryon.,no.75,,629068-320,39097014618871,
996167190101921,0ap!91 u58,,Stacks,AP91 .U58,Unzer tsayá¹­.,no.265-273(1964:Jan.-Sept.),,B104685,39097010979533,
9910458700101921,0ap!91 b38,,Stacks,AP91 .B38,BeÊ»ayot.,v.6:no.1-2(1948),,B137692,39097014618343,
996290330101921,"0kmk""440 i675",,Stacks,KMK440 .I675,Dine Medinat YiÊ¹sraÊ¾el. NusahÌ£ hÌ£adash.,NO.36-37(1983:Aug.),,B142554,39097014237904,
999859490101921,0lc#5173 i75 y4,,Stacks,LC5173.I75 Y4,YediÊ»ot la-mehankhim.,"no.1,16-19(1968, 1971)",,B143050,39097014238126,
9910535430101921,0bm 1 s36,,Stacks,BM1 .S36,Shem á¹¿e-Yafet : mikhtav Ê»iti.,no.3-4(1888),,B143167,39097014185616,
995947390101921,"0hg""201 b36a 0",,Stacks,HG201 .B36a,Din á¹¿e-á¸¥eshbon ha-nagid Ê»al Ê»aliyat emtseÊ»e ha-tashlum / Baná¸³ YiÅ›raÊ¾el.,1985-89,,B143333,39097014617584,
996799700101921,"0u""717 i7 a33 + 0",,Stacks,#ERROR!,Be-maá¸¥aneh Naá¸¥al.,,,B143646,39097014238605,
996806410101921,"0hx""765 p32 m43",,Stacks,HX765.P32 M43,Ba-mesheá¸³ : Ê»alon le-informatsyah penimit shel á¸²ibuts Merá¸¥avyah.,,,B143647,39097014238621,
9910820960101921,"0bm""198.54 b48",,Stacks,BM198.54 .B48,Bet mashiaá¸¥.,no.195-200 (1998: Aug.-Sept.),,B2199856,39097014616669,
995811210101921,0hg#3361 p2 b25,,Stacks,HG3361.P2 B25,Bank of IsraÃ«l bulletin.,no.28(Feb. 1967),,B2199956,39097008257256,
999701030101921,0hd#6305 j3 b27,,Stacks,HD6305.J3 B27,Ba-derekh : ketavim le-á¸¥eá¸³er tenuÊ»at ha-poÊ»alim ha-Yehudit.,no.1-6(1967-70),,B42858,39097014615158,
996227970101921,"0z""671 y3",,Stacks,Z671 .Y3,"Yad la-á¸³ore : yotse le-or Ê»al yede Histadrut ha-peá¸³idim, Irgun safrane YiÅ›raÊ¾el.",v.25-26(1990-1992),,B52475,39097014238332,
999962740101921,"0hx""765 p32 y562 + 0",,Stacks,#ERROR!,Ben Ê»alon le-Ê»alon.,,,B61377,39097014238613,
999962750101921,"0ds""149 a28",,Stacks,DS149 .A28,Deror.,,,B61378,39097014617709,
999971420101921,"0ds""110.5 i775",,Stacks,DS110.5 .I775,"Minsharim, tsaá¹¿im á¹¿e-hodaÊ»ot shel Mifá¸³edet koá¸¥ot Tsahal be-ezor Merá¸¥av Shelomoh = ManÄshÄ«r, awÄmir wa-iÊ»lÄnÄt á¹£Ädirat Ê»an QiyÄdat QÅ«wÄt Jaysh al-DifÄÊ» al-IsrÄÊ¾Ä«lÄ« fÄ« IqlÄ«m ShalÅ«mÅ«.",no.1-2(1967-1968:Dec.Sept.),,B61870,39097014610902,
9910040710101921,"0ds""150 r3 s8",,Stacks,DS150.R3 S8,Sheluá¸¥ot : Yará¸¥on la-noÊ»ar ha-dati.,,,B67158,39097014238639,
9910123970101921,0kmk!13 p378,,Stacks,KMK13 .P378,ha-Peraá¸³liá¹­.,v.29(1973/75):index,,B78130,39097011189751,
